{
  "rows_real": 500,
  "rows_synthetic": 500,
  "method": "vae",
  "seed": 42,
  "distribution_overlap_mean": 0.6826044968116758,
  "distribution_overlap_per_feature": {
    "age": 0.8870833642440106,
    "income": 0.5464266770614326,
    "score": 0.8328843961541643,
    "visits": 0.4640235497870958
  },
  "pca_explained_variance": [
    0.9999844574510751,
    1.5100184281357195e-05
  ],
  "correlation_diff_mean": 0.15431426620060007
}