{
  "rows_real": 500,
  "rows_synthetic": 500,
  "method": "copula",
  "seed": 42,
  "distribution_overlap_mean": 0.8636828623660913,
  "distribution_overlap_per_feature": {
    "age": 0.8599930301775576,
    "income": 0.7760093418958843,
    "score": 0.896897110279548,
    "visits": 0.921831967111375
  },
  "pca_explained_variance": [
    0.9999842671463013,
    1.537491242851618e-05
  ],
  "correlation_diff_mean": 0.01974271899783807
}